"Nums of iteration","Cost"
"100","96.69905644047768"
"100","96.69905644047768"
"100","96.69905644047768"
"100","96.69905644047768"
"100","96.69905644047768"
"100","96.69905644047768"
"100","96.69905644047768"
"100","96.69905644047768"
"100","96.69905644047768"
"100","96.69905644047768"
"100","96.69905644047768"
"100","96.69905644047768"
"100","96.69905644047768"
"100","96.69905644047768"
